user_id,name,email,created_at
3,BYKr247lkX,uExM7@example.com,2023-05-30 20:10:24
6,de30ykDxZw,SPinX@example.com,2023-06-26 22:19:10
9,IVvEEnS8Xc,PNxzz@example.com,2023-06-11 21:22:19
12,Ff3NjJe2zM,hxM1f@example.com,2023-06-08 18:11:48
15,KjBxNxsTjD,lj4hv@example.com,2023-11-15 16:39:33
18,J9Bk37tGVW,gCmS1@example.com,2023-11-04 13:18:13
21,myqHF0K3BS,azgny@example.com,2023-07-14 06:43:59
24,OzqncqU1hE,rBeMe@example.com,2023-01-05 04:29:10
27,Oxu06jS3lV,WEeAp@example.com,2023-04-09 04:14:41
30,KtluUe6RzA,xZ0G7@example.com,2023-08-25 01:46:46
33,h6c1VeDEOY,qixNL@example.com,2023-04-15 21:13:12
36,H8IoEEMLa3,IGzY3@example.com,2023-07-08 23:36:10
39,CdZr5YLSWh,WICL6@example.com,2023-08-15 02:44:03
42,Ukcodh5Jij,pvHY1@example.com,2023-01-04 04:44:56
45,i0Qn7GlJai,Jtji5@example.com,2023-10-11 09:07:54
48,aPdbjglF7v,CQxl4@example.com,2023-09-26 07:45:46
51,4RYC1jVl6v,30nBb@example.com,2023-02-24 17:11:28
54,sje3VtQvx9,HiW9Y@example.com,2023-09-23 03:49:54
57,owyo9RJFop,zxNUF@example.com,2023-06-13 12:33:35
60,l5pVBQCVxI,bE895@example.com,2023-05-14 09:19:48
